,baseopteventspertrack_T14,baseoptfirstchute_T14,candenergybufferdivider_T14,candenergyskewdiminisher_T14,disallowbelowsetlength_T14,eventspacingdeviationfactor_T14,eventspacinghistogramscoringfactor_T14,holescompletetrackallowablecutoff_T14,ladderscanstartat_T14,lengthhistogramscoringfactor_T14,lengthovertimescoringfactor_T14,maxchuteoverdrivepct_T14,maxorthoratio_T14,minchutetoladderratio_T14,minladdertochuteratio_T14,move1allowanceratio_T14,twohitfreqimpedance_T14,baseopteventspertrack_T15,baseoptfirstchute_T15,candenergybufferdivider_T15,candenergyskewdiminisher_T15,eventspacingdeviationfactor_T15,eventspacinghistogramscoringfactor_T15,holescompletetrackallowablecutoff_T15,ladderscanstartat_T15,lengthhistogramscoringfactor_T15,lengthovertimescoringfactor_T15,maxchuteoverdrivepct_T15,maxorthoratio_T15,minchutetoladderratio_T15,minladdertochuteratio_T15,move1allowanceratio_T15,twohitfreqimpedance_T15,baseopteventspertrack_T16,baseoptfirstchute_T16,candenergybufferdivider_T16,candenergyskewdiminisher_T16,eventspacingdeviationfactor_T16,eventspacinghistogramscoringfactor_T16,holescompletetrackallowablecutoff_T16,ladderscanstartat_T16,lengthhistogramscoringfactor_T16,lengthovertimescoringfactor_T16,maxchuteoverdrivepct_T16,maxorthoratio_T16,minchutetoladderratio_T16,minladdertochuteratio_T16,move1allowanceratio_T16,twohitfreqimpedance_T16
0,27.015845615610026,10.397049380478013,2.157817880227953,2.528910452067112,3.5253617624310536,4.358675416202711,0.336708575806275,0.9371109760965413,27.362611714141973,0.3388389834140201,1.1744939803653929,1.1904323151836298,0.26397710596489105,0.768128636178284,0.8191762412831516,0.23929549418961918,0.28156958391537434,46.61493863314956,12.06500781968203,2.143771077680556,4.182684324430105,2.801625699517738,0.3240519066150784,0.9492596625980351,24.65719948233199,0.3954063966022305,1.0910561225952615,1.2120224614743391,0.2808536676585818,0.8156493002397875,0.8453108049299939,0.1990440581900794,0.26565340023688566,37.89655215931804,11.848823774292708,2.492601988964927,2.7557182437221233,3.134290885925032,0.2778795601134484,0.9432433100239295,31.87228262374799,0.40480784794374186,0.8502341744876105,1.2951812525974753,0.28702845466784255,0.8087226256199089,0.8107252859682859,0.19134357988064965,0.3164182544742755
